"rules","support","confidence","lift"
"8","{brown bread} => {whole milk}",0.0252160650737163,0.38871473354232,1.5212930379581
"7","{brown bread} => {other vegetables}",0.0187086934417895,0.288401253918495,1.49050253930026
"5","{brown bread} => {yogurt}",0.0145399084900864,0.224137931034483,1.606703026038
"4","{brown bread} => {soda}",0.0126080325368582,0.19435736677116,1.11458000127951
"6","{brown bread} => {rolls/buns}",0.0126080325368582,0.19435736677116,1.05666373808422
"1","{brown bread} => {sausage}",0.0106761565836299,0.164576802507837,1.75174551154175
"2","{brown bread} => {tropical fruit}",0.0106761565836299,0.164576802507837,1.56842330684552
"3","{brown bread} => {root vegetables}",0.0101677681748856,0.156739811912226,1.438000046788
