"rules","support","confidence","lift"
"8","{chicken} => {other vegetables}",0.0178952719877987,0.417061611374408,2.15543927896337
"9","{chicken} => {whole milk}",0.0175902389425521,0.409952606635071,1.6044106192821
"4","{chicken} => {root vegetables}",0.0108795119471276,0.253554502369668,2.32622064440829
"7","{chicken} => {rolls/buns}",0.00965937976614133,0.225118483412322,1.22390286587075
"5","{chicken} => {soda}",0.0083375699034062,0.194312796208531,1.11432440274688
"6","{chicken} => {yogurt}",0.0083375699034062,0.194312796208531,1.3929055034336
"2","{chicken} => {whipped/sour cream}",0.00721911540416879,0.16824644549763,2.34709757655205
"3","{chicken} => {citrus fruit}",0.00691408235892222,0.161137440758294,1.94691244454278
"1","{chicken} => {frozen vegetables}",0.0067107269954245,0.156398104265403,3.25195635401741
