"rules","support","confidence","lift"
"6","{whole milk} => {other vegetables}",0.0748347737671581,0.292877039395145,1.51363409482462
"5","{whole milk} => {rolls/buns}",0.0566344687341129,0.221647433346598,1.20503178936638
"4","{whole milk} => {yogurt}",0.0560244026436197,0.219259848786311,1.57173514053453
"2","{whole milk} => {root vegetables}",0.0489069649211998,0.191404695582969,1.75603095247994
"1","{whole milk} => {tropical fruit}",0.0422979156075241,0.165539196179865,1.57759495584202
"3","{whole milk} => {soda}",0.0400610066090493,0.156784719458814,0.899112370774016
