"rules","support","confidence","lift"
"7","{beef} => {whole milk}",0.0212506354855109,0.405038759689922,1.58517954697588
"6","{beef} => {other vegetables}",0.0197254702592781,0.375968992248062,1.94306623161308
"2","{beef} => {root vegetables}",0.0173868835790544,0.331395348837209,3.04036684311003
"5","{beef} => {rolls/buns}",0.0136248093543467,0.25968992248062,1.41185759402814
"4","{beef} => {yogurt}",0.0116929334011185,0.222868217054264,1.59760124980225
"1","{beef} => {citrus fruit}",0.00843924758515506,0.160852713178295,1.9434722777746
"3","{beef} => {soda}",0.00813421453990849,0.155038759689922,0.889099825976902
