"rules","support","confidence","lift"
"1","{bathroom cleaner} => {soda}",0.00101677681748856,0.37037037037037,2.12396069538927
"2","{bathroom cleaner} => {other vegetables}",0.00101677681748856,0.37037037037037,1.91413168291781
