"rules","support","confidence","lift"
"9","{berries} => {whole milk}",0.0117946110828673,0.35474006116208,1.38832809452012
"6","{berries} => {yogurt}",0.010574478901881,0.318042813455657,2.27984771890408
"8","{berries} => {other vegetables}",0.0102694458566345,0.308868501529052,1.59628045850669
"1","{berries} => {whipped/sour cream}",0.0090493136756482,0.27217125382263,3.7968855054547
"5","{berries} => {soda}",0.00732079308591764,0.220183486238532,1.26268489046995
"3","{berries} => {tropical fruit}",0.0067107269954245,0.201834862385321,1.92349406158879
"4","{berries} => {root vegetables}",0.00660904931367565,0.198776758409786,1.82366550276142
"7","{berries} => {rolls/buns}",0.00660904931367565,0.198776758409786,1.08069066830307
"2","{berries} => {citrus fruit}",0.00538891713268937,0.162079510703364,1.9582948252673
