"rules","support","confidence","lift"
"6","{beverages} => {whole milk}",0.00681240467717336,0.26171875,1.02427533077994
"3","{beverages} => {yogurt}",0.00549059481443823,0.2109375,1.5120774872449
"4","{beverages} => {rolls/buns}",0.00538891713268937,0.20703125,1.12556790699281
"5","{beverages} => {other vegetables}",0.00518556176919166,0.19921875,1.02959348725696
"2","{beverages} => {soda}",0.00477885104219624,0.18359375,1.05285395408163
"1","{beverages} => {tropical fruit}",0.00427046263345196,0.1640625,1.56352198401163
