"rules","support","confidence","lift"
"5","{bottled beer} => {whole milk}",0.0204372140315201,0.253787878787879,0.993236684392673
"2","{bottled beer} => {soda}",0.016980172852059,0.210858585858586,1.2092094413523
"4","{bottled beer} => {other vegetables}",0.0161667513980681,0.200757575757576,1.03754637812704
"1","{bottled beer} => {bottled water}",0.0157600406710727,0.195707070707071,1.77072588813619
"3","{bottled beer} => {rolls/buns}",0.0136248093543467,0.169191919191919,0.919846614291059
