"rules","support","confidence","lift"
"6","{bottled water} => {whole milk}",0.0343670564311134,0.310947562097516,1.21693962325072
"2","{bottled water} => {soda}",0.028978139298424,0.262189512419503,1.50357659163021
"5","{bottled water} => {other vegetables}",0.0248093543467209,0.224471021159154,1.16010115244366
"4","{bottled water} => {rolls/buns}",0.0241992882562278,0.218951241950322,1.19037339114506
"3","{bottled water} => {yogurt}",0.0229791560752415,0.207911683532659,1.49038732328258
"1","{bottled water} => {tropical fruit}",0.0185053380782918,0.167433302667893,1.59564586408792
