"rules","support","confidence","lift"
"1","{brandy} => {shopping bags}",0.00132180986273513,0.317073170731707,3.21817815701377
"2","{brandy} => {rolls/buns}",0.00111845449923742,0.268292682926829,1.45862826787472
