"rules","support","confidence","lift"
"8","{cake bar} => {whole milk}",0.00559227249618709,0.423076923076923,1.65577458752946
"4","{cake bar} => {soda}",0.00447381799694967,0.338461538461538,1.94097331240188
"7","{cake bar} => {other vegetables}",0.00376207422470768,0.284615384615385,1.47093657787299
"6","{cake bar} => {rolls/buns}",0.00315200813421454,0.238461538461538,1.29644512480333
"2","{cake bar} => {shopping bags}",0.00294865277071683,0.223076923076923,2.26415019449075
"5","{cake bar} => {yogurt}",0.00244026436197255,0.184615384615385,1.32339089481947
"3","{cake bar} => {sausage}",0.00213523131672598,0.161538461538462,1.71940559440559
"1","{cake bar} => {pastry}",0.00203355363497712,0.153846153846154,1.72923076923077
