"rules","support","confidence","lift"
"3","{candy} => {soda}",0.00864260294865277,0.289115646258503,1.65798972650285
"7","{candy} => {whole milk}",0.00823589222165735,0.275510204081633,1.07825024160082
"5","{candy} => {rolls/buns}",0.00711743772241993,0.238095238095238,1.29445365763774
"6","{candy} => {other vegetables}",0.00691408235892222,0.231292517006803,1.19535570402622
"4","{candy} => {yogurt}",0.00549059481443823,0.183673469387755,1.31663890045814
"2","{candy} => {tropical fruit}",0.00538891713268937,0.180272108843537,1.71800018456995
"1","{candy} => {chocolate}",0.00498220640569395,0.166666666666667,3.35894808743169
