"rules","support","confidence","lift"
"7","{candles} => {whole milk}",0.00305033045246568,0.340909090909091,1.33419853127374
"6","{candles} => {other vegetables}",0.00233858668022369,0.261363636363636,1.35076792624086
"1","{candles} => {margarine}",0.00213523131672598,0.238636363636364,4.07463304924242
"2","{candles} => {pastry}",0.00193187595322827,0.215909090909091,2.42681818181818
"5","{candles} => {root vegetables}",0.00172852058973055,0.193181818181818,1.77233505766621
"4","{candles} => {tropical fruit}",0.00152516522623284,0.170454545454545,1.62443842494715
"3","{candles} => {citrus fruit}",0.00142348754448399,0.159090909090909,1.92218561536743
