"rules","support","confidence","lift"
"8","{canned fish} => {other vegetables}",0.00508388408744281,0.337837837837838,1.74599849455341
"9","{canned fish} => {whole milk}",0.00477885104219624,0.317567567567568,1.24284800120455
"7","{canned fish} => {rolls/buns}",0.00406710726995425,0.27027027027027,1.46937982758878
"6","{canned fish} => {yogurt}",0.0032536858159634,0.216216216216216,1.54991726420298
"2","{canned fish} => {shopping bags}",0.00294865277071683,0.195945945945946,1.98878057624188
"5","{canned fish} => {soda}",0.00294865277071683,0.195945945945946,1.12369001654716
"4","{canned fish} => {root vegetables}",0.00264361972547026,0.175675675675676,1.61172599838645
"3","{canned fish} => {tropical fruit}",0.00244026436197255,0.162162162162162,1.54541169076053
"1","{canned fish} => {brown bread}",0.00233858668022369,0.155405405405405,2.39563034821655
