"rules","support","confidence","lift"
"1","{canned beer} => {soda}",0.0138281647178444,0.178010471204188,1.02083555935463
