"rules","support","confidence","lift"
"2","{chewing gum} => {soda}",0.00538891713268937,0.256038647342995,1.46830326333432
"5","{chewing gum} => {whole milk}",0.00508388408744281,0.241545893719807,0.945325851466096
"4","{chewing gum} => {other vegetables}",0.00457549567869853,0.217391304347826,1.12351207475611
"3","{chewing gum} => {rolls/buns}",0.00386375190645653,0.183574879227053,0.998042530236632
"1","{chewing gum} => {shopping bags}",0.0032536858159634,0.154589371980676,1.5690262883694
