"rules","support","confidence","lift"
"8","{chocolate} => {whole milk}",0.0166751398068124,0.336065573770492,1.31524270514635
"4","{chocolate} => {soda}",0.0135231316725979,0.272540983606557,1.56293911007026
"7","{chocolate} => {other vegetables}",0.012709710218607,0.256147540983607,1.32381033398517
"6","{chocolate} => {rolls/buns}",0.0117946110828673,0.237704918032787,1.29233160246128
"5","{chocolate} => {yogurt}",0.00925266903914591,0.186475409836066,1.33672423887588
"2","{chocolate} => {shopping bags}",0.00813421453990849,0.163934426229508,1.66387521358846
"3","{chocolate} => {tropical fruit}",0.00813421453990849,0.163934426229508,1.56230143601474
"1","{chocolate} => {pastry}",0.00803253685815963,0.161885245901639,1.81959016393443
