"rules","support","confidence","lift"
"9","{citrus fruit} => {whole milk}",0.0305033045246568,0.368550368550369,1.44237679056621
"8","{citrus fruit} => {other vegetables}",0.0288764616166751,0.348894348894349,1.80314026346606
"6","{citrus fruit} => {yogurt}",0.0216573462125064,0.261670761670762,1.87575214360929
"3","{citrus fruit} => {tropical fruit}",0.0199288256227758,0.240786240786241,2.29470220749291
"4","{citrus fruit} => {root vegetables}",0.017691916624301,0.213759213759214,1.9611211448898
"7","{citrus fruit} => {rolls/buns}",0.0167768174885613,0.202702702702703,1.10203487069159
"1","{citrus fruit} => {pip fruit}",0.0138281647178444,0.167076167076167,2.20859422472326
"2","{citrus fruit} => {bottled water}",0.0135231316725979,0.163390663390663,1.47833226720071
"5","{citrus fruit} => {soda}",0.0128113879003559,0.154791154791155,0.887679887679888
