"rules","support","confidence","lift"
"4","{cleaner} => {whole milk}",0.00233858668022369,0.46,1.80027855153203
"2","{cleaner} => {yogurt}",0.0016268429079817,0.32,2.29387755102041
"3","{cleaner} => {other vegetables}",0.0016268429079817,0.32,1.65380977404099
"1","{cleaner} => {soda}",0.00111845449923742,0.22,1.26163265306122
