"rules","support","confidence","lift"
"8","{cling film/bags} => {whole milk}",0.00366039654295882,0.321428571428571,1.25795861520096
"7","{cling film/bags} => {other vegetables}",0.0032536858159634,0.285714285714286,1.47661586967945
"5","{cling film/bags} => {yogurt}",0.0025419420437214,0.223214285714286,1.60008199708455
"4","{cling film/bags} => {soda}",0.00233858668022369,0.205357142857143,1.17766034985423
"1","{cling film/bags} => {coffee}",0.00213523131672598,0.1875,3.22953152364273
"2","{cling film/bags} => {bottled water}",0.00193187595322827,0.169642857142857,1.53490110395584
"3","{cling film/bags} => {tropical fruit}",0.00193187595322827,0.169642857142857,1.61670300387597
"6","{cling film/bags} => {rolls/buns}",0.00193187595322827,0.169642857142857,0.922298231066888
