"rules","support","confidence","lift"
"1","{cocoa drinks} => {whole milk}",0.00132180986273513,0.590909090909091,2.31261078754115
