"rules","support","confidence","lift"
"6","{coffee} => {whole milk}",0.0187086934417895,0.322241681260946,1.2611408417037
"5","{coffee} => {other vegetables}",0.013421453990849,0.231173380035026,1.19473998562506
"4","{coffee} => {rolls/buns}",0.0109811896288765,0.189141856392294,1.02830854484147
"2","{coffee} => {soda}",0.0099644128113879,0.171628721541156,0.984238178633975
"3","{coffee} => {yogurt}",0.00976105744789019,0.168126094570928,1.20518960649058
"1","{coffee} => {shopping bags}",0.00935434672089476,0.161120840630473,1.63531833601723
