"rules","support","confidence","lift"
"8","{curd} => {whole milk}",0.026131164209456,0.490458015267176,1.91948053328797
"5","{curd} => {yogurt}",0.0172852058973055,0.324427480916031,2.32561536064808
"7","{curd} => {other vegetables}",0.0171835282155567,0.322519083969466,1.66682879182328
"3","{curd} => {root vegetables}",0.0108795119471276,0.204198473282443,1.87340670217614
"1","{curd} => {whipped/sour cream}",0.0104728012201322,0.196564885496183,2.74214985653186
"2","{curd} => {tropical fruit}",0.0102694458566345,0.192748091603053,1.83689678383336
"6","{curd} => {rolls/buns}",0.0100660904931368,0.188931297709924,1.02716379932399
"4","{curd} => {soda}",0.00813421453990849,0.152671755725191,0.875525782832217
