"rules","support","confidence","lift"
"7","{detergent} => {whole milk}",0.00894763599389934,0.465608465608466,1.82222811749274
"6","{detergent} => {other vegetables}",0.00640569395017794,0.333333333333333,1.72271851462603
"2","{detergent} => {root vegetables}",0.00437214031520081,0.227513227513228,2.08730652294085
"4","{detergent} => {yogurt}",0.00396542958820539,0.206349206349206,1.47918691286038
"3","{detergent} => {soda}",0.00345704117946111,0.17989417989418,1.03163805204622
"1","{detergent} => {tropical fruit}",0.00335536349771225,0.174603174603175,1.66397502153316
"5","{detergent} => {rolls/buns}",0.00305033045246568,0.158730158730159,0.862969105091825
