"rules","support","confidence","lift"
"9","{dish cleaner} => {whole milk}",0.00294865277071683,0.281553398058252,1.10190118181572
"5","{dish cleaner} => {soda}",0.00244026436197255,0.233009708737864,1.33623935010898
"6","{dish cleaner} => {yogurt}",0.00244026436197255,0.233009708737864,1.67029918763622
"8","{dish cleaner} => {other vegetables}",0.00233858668022369,0.223300970873786,1.15405415057472
"7","{dish cleaner} => {rolls/buns}",0.00223690899847483,0.213592233009709,1.1612380385022
"1","{dish cleaner} => {whipped/sour cream}",0.00172852058973055,0.16504854368932,2.30248571231839
"2","{dish cleaner} => {citrus fruit}",0.0016268429079817,0.155339805825243,1.87686362443644
"3","{dish cleaner} => {shopping bags}",0.0016268429079817,0.155339805825243,1.57664292083722
"4","{dish cleaner} => {root vegetables}",0.0016268429079817,0.155339805825243,1.42515577452543
