"rules","support","confidence","lift"
"5","{dishes} => {other vegetables}",0.00599898322318251,0.341040462427746,1.7625501565827
"6","{dishes} => {whole milk}",0.00528723945094052,0.300578034682081,1.17635693239087
"3","{dishes} => {yogurt}",0.00376207422470768,0.213872832369942,1.533119027958
"4","{dishes} => {rolls/buns}",0.0032536858159634,0.184971098265896,1.00563336177175
"1","{dishes} => {napkins}",0.00274529740721912,0.15606936416185,2.98047028452775
"2","{dishes} => {root vegetables}",0.00274529740721912,0.15606936416185,1.43184906392891
