"rules","support","confidence","lift"
"7","{flower (seeds)} => {whole milk}",0.00396542958820539,0.382352941176471,1.4963952154678
"6","{flower (seeds)} => {other vegetables}",0.00376207422470768,0.362745098039216,1.87472308944597
"3","{flower (seeds)} => {root vegetables}",0.00193187595322827,0.186274509803922,1.70896436932982
"5","{flower (seeds)} => {rolls/buns}",0.00183019827147941,0.176470588235294,0.95941859330797
"1","{flower (seeds)} => {butter}",0.0016268429079817,0.156862745098039,2.83072495053067
"2","{flower (seeds)} => {whipped/sour cream}",0.0016268429079817,0.156862745098039,2.18829091920456
"4","{flower (seeds)} => {soda}",0.0016268429079817,0.156862745098039,0.899559823929572
