"rules","support","confidence","lift"
"8","{frankfurter} => {whole milk}",0.0205388917132689,0.348275862068965,1.36302948804149
"6","{frankfurter} => {rolls/buns}",0.0192170818505338,0.325862068965517,1.77161605764282
"7","{frankfurter} => {other vegetables}",0.0164717844433147,0.279310344827586,1.44351930708319
"4","{frankfurter} => {soda}",0.011286222674123,0.191379310344828,1.09750175932442
"5","{frankfurter} => {yogurt}",0.0111845449923742,0.189655172413793,1.35951794510908
"3","{frankfurter} => {root vegetables}",0.0101677681748856,0.172413793103448,1.5818000514668
"1","{frankfurter} => {sausage}",0.0100660904931368,0.170689655172414,1.81681034482759
"2","{frankfurter} => {tropical fruit}",0.00945602440264362,0.160344827586207,1.52809242181235
