"rules","support","confidence","lift"
"9","{frozen dessert} => {whole milk}",0.00396542958820539,0.367924528301887,1.43992747148789
"8","{frozen dessert} => {other vegetables}",0.00366039654295882,0.339622641509434,1.7552226375435
"7","{frozen dessert} => {rolls/buns}",0.00294865277071683,0.273584905660377,1.48740052358751
"3","{frozen dessert} => {tropical fruit}",0.00264361972547026,0.245283018867925,2.33755667690508
"5","{frozen dessert} => {soda}",0.0025419420437214,0.235849056603774,1.35252214093184
"4","{frozen dessert} => {root vegetables}",0.00244026436197255,0.226415094339623,2.0772317656998
"6","{frozen dessert} => {yogurt}",0.00193187595322827,0.179245283018868,1.28489603388525
"1","{frozen dessert} => {frozen vegetables}",0.00183019827147941,0.169811320754717,3.53085484063983
"2","{frozen dessert} => {pastry}",0.0016268429079817,0.150943396226415,1.69660377358491
