"rules","support","confidence","lift"
"8","{frozen meals} => {whole milk}",0.00986273512963904,0.347670250896057,1.36065933846507
"7","{frozen meals} => {other vegetables}",0.00752414844941535,0.265232974910394,1.37076526970243
"4","{frozen meals} => {soda}",0.00620233858668022,0.218637992831541,1.25382195889108
"5","{frozen meals} => {yogurt}",0.00620233858668022,0.218637992831541,1.56727744861385
"3","{frozen meals} => {tropical fruit}",0.00549059481443823,0.193548387096774,1.84452363090773
"6","{frozen meals} => {rolls/buns}",0.00488052872394509,0.172043010752688,0.935347159067268
"2","{frozen meals} => {shopping bags}",0.00467717336044738,0.164874551971326,1.67341715029721
"1","{frozen meals} => {pip fruit}",0.00457549567869853,0.161290322580645,2.1321106486299
