"rules","support","confidence","lift"
"8","{fruit/vegetable juice} => {whole milk}",0.0266395526182003,0.368495077355837,1.44216040023663
"7","{fruit/vegetable juice} => {other vegetables}",0.0210472801220132,0.291139240506329,1.50465287986324
"5","{fruit/vegetable juice} => {yogurt}",0.0187086934417895,0.258790436005626,1.85510491116278
"4","{fruit/vegetable juice} => {soda}",0.018403660396543,0.254571026722925,1.45988690834984
"6","{fruit/vegetable juice} => {rolls/buns}",0.0145399084900864,0.20112517580872,1.09345832176825
"1","{fruit/vegetable juice} => {bottled water}",0.0142348754448399,0.19690576652602,1.78157149382098
"2","{fruit/vegetable juice} => {tropical fruit}",0.0137264870360956,0.189873417721519,1.80950103032087
"3","{fruit/vegetable juice} => {root vegetables}",0.011997966446365,0.165963431786217,1.52262159665806
