"rules","support","confidence","lift"
"7","{hamburger meat} => {whole milk}",0.0147432638535841,0.443425076452599,1.73541011815015
"6","{hamburger meat} => {other vegetables}",0.0138281647178444,0.415902140672783,2.14944695402881
"5","{hamburger meat} => {rolls/buns}",0.00864260294865277,0.259938837920489,1.41321087393478
"4","{hamburger meat} => {yogurt}",0.00650737163192679,0.195718654434251,1.40298321163328
"2","{hamburger meat} => {root vegetables}",0.00620233858668022,0.186544342507645,1.71143993336072
"3","{hamburger meat} => {soda}",0.0057956278596848,0.174311926605505,0.99962553828871
"1","{hamburger meat} => {sausage}",0.00518556176919166,0.155963302752294,1.66006394217403
