"rules","support","confidence","lift"
"1","{honey} => {whole milk}",0.00111845449923742,0.733333333333333,2.87000928505107
