"rules","support","confidence","lift"
"2","{ice cream} => {soda}",0.00610066090493137,0.24390243902439,1.39870582379293
"4","{ice cream} => {whole milk}",0.00589730554143366,0.235772357723577,0.922730257943248
"3","{ice cream} => {other vegetables}",0.00508388408744281,0.203252032520325,1.05043811867441
"1","{ice cream} => {tropical fruit}",0.00406710726995425,0.16260162601626,1.54959979832356
