"rules","support","confidence","lift"
"4","{ketchup} => {other vegetables}",0.00152516522623284,0.357142857142857,1.84576983709932
"5","{ketchup} => {whole milk}",0.00152516522623284,0.357142857142857,1.39773179466773
"1","{ketchup} => {domestic eggs}",0.00132180986273513,0.30952380952381,4.87847222222222
"2","{ketchup} => {soda}",0.00132180986273513,0.30952380952381,1.77502429543246
"3","{ketchup} => {yogurt}",0.00111845449923742,0.261904761904762,1.87742954324587
