"rules","support","confidence","lift"
"2","{light bulbs} => {other vegetables}",0.00132180986273513,0.317073170731707,1.63868346513208
"1","{light bulbs} => {yogurt}",0.00122013218098627,0.292682926829268,2.0980587356894
