"rules","support","confidence","lift"
"2","{liquor} => {bottled beer}",0.00467717336044738,0.422018348623853,5.24059401352979
"3","{liquor} => {shopping bags}",0.0025419420437214,0.229357798165138,2.3278988080022
"1","{liquor} => {red/blush wine}",0.00213523131672598,0.192660550458716,10.0254841997961
"4","{liquor} => {soda}",0.00213523131672598,0.192660550458716,1.10484927916121
