"rules","support","confidence","lift"
"5","{liquor (appetizer)} => {soda}",0.00244026436197255,0.307692307692308,1.76452119309262
"2","{liquor (appetizer)} => {bottled beer}",0.00183019827147941,0.230769230769231,2.86567599067599
"1","{liquor (appetizer)} => {canned beer}",0.00172852058973055,0.217948717948718,2.8056618338032
"3","{liquor (appetizer)} => {newspapers}",0.0016268429079817,0.205128205128205,2.56998203495019
"7","{liquor (appetizer)} => {whole milk}",0.0016268429079817,0.205128205128205,0.802799800014285
"4","{liquor (appetizer)} => {shopping bags}",0.00152516522623284,0.192307692307692,1.9518536159403
"6","{liquor (appetizer)} => {other vegetables}",0.00142348754448399,0.179487179487179,0.927617661721708
