"rules","support","confidence","lift"
"8","{liver loaf} => {whole milk}",0.00213523131672598,0.42,1.64373259052925
"5","{liver loaf} => {yogurt}",0.00152516522623284,0.3,2.15051020408163
"6","{liver loaf} => {rolls/buns}",0.00152516522623284,0.3,1.63101160862355
"7","{liver loaf} => {other vegetables}",0.00152516522623284,0.3,1.55044666316343
"3","{liver loaf} => {root vegetables}",0.00142348754448399,0.28,2.56884328358209
"4","{liver loaf} => {soda}",0.00111845449923742,0.22,1.26163265306122
"1","{liver loaf} => {frozen vegetables}",0.00101677681748856,0.2,4.15856236786469
"2","{liver loaf} => {sausage}",0.00101677681748856,0.2,2.12878787878788
