"rules","support","confidence","lift"
"9","{long life bakery product} => {whole milk}",0.0135231316725979,0.361413043478261,1.41444380525615
"8","{long life bakery product} => {other vegetables}",0.0106761565836299,0.285326086956522,1.47460959811739
"6","{long life bakery product} => {yogurt}",0.00874428063040163,0.233695652173913,1.67521628216504
"7","{long life bakery product} => {rolls/buns}",0.00793085917641078,0.21195652173913,1.15234515826664
"5","{long life bakery product} => {soda}",0.00762582613116421,0.203804347826087,1.16875554569654
"4","{long life bakery product} => {tropical fruit}",0.00630401626842908,0.168478260869565,1.60560435625211
"1","{long life bakery product} => {fruit/vegetable juice}",0.00620233858668022,0.165760869565217,2.29290879349355
"3","{long life bakery product} => {pastry}",0.00589730554143366,0.157608695652174,1.77152173913043
"2","{long life bakery product} => {whipped/sour cream}",0.0057956278596848,0.154891304347826,2.16078862164662
