"rules","support","confidence","lift"
"8","{margarine} => {whole milk}",0.0241992882562278,0.413194444444444,1.61709803466419
"7","{margarine} => {other vegetables}",0.0197254702592781,0.336805555555556,1.74066349915338
"6","{margarine} => {rolls/buns}",0.0147432638535841,0.251736111111111,1.36861506510657
"5","{margarine} => {yogurt}",0.0142348754448399,0.243055555555556,1.74231150793651
"3","{margarine} => {root vegetables}",0.0110828673106253,0.189236111111111,1.73613540371061
"1","{margarine} => {bottled water}",0.0102694458566345,0.175347222222222,1.58651327558009
"4","{margarine} => {soda}",0.0101677681748856,0.173611111111111,0.995606575963719
"2","{margarine} => {tropical fruit}",0.00935434672089476,0.159722222222222,1.52215896856158
