"rules","support","confidence","lift"
"6","{meat} => {other vegetables}",0.0099644128113879,0.385826771653543,1.99401276889784
"7","{meat} => {whole milk}",0.0099644128113879,0.385826771653543,1.50999056872766
"5","{meat} => {rolls/buns}",0.00691408235892222,0.267716535433071,1.45549592370605
"3","{meat} => {soda}",0.00549059481443823,0.21259842519685,1.21918688735337
"1","{meat} => {sausage}",0.00528723945094052,0.204724409448819,2.17907420663326
"4","{meat} => {yogurt}",0.00528723945094052,0.204724409448819,1.46753977181424
"2","{meat} => {root vegetables}",0.00508388408744281,0.196850393700787,1.80599218474556
