"rules","support","confidence","lift"
"4","{misc. beverages} => {soda}",0.00732079308591764,0.258064516129032,1.47992100065833
"8","{misc. beverages} => {whole milk}",0.00701576004067107,0.247311827956989,0.967891694372061
"7","{misc. beverages} => {other vegetables}",0.00559227249618709,0.197132616487455,1.01881202477883
"2","{misc. beverages} => {bottled water}",0.00528723945094052,0.186379928315412,1.68633541396695
"6","{misc. beverages} => {rolls/buns}",0.00467717336044738,0.164874551971326,0.896374360772799
"3","{misc. beverages} => {tropical fruit}",0.00457549567869853,0.161290322580645,1.53710302575644
"5","{misc. beverages} => {yogurt}",0.00447381799694967,0.157706093189964,1.13049520883622
"1","{misc. beverages} => {shopping bags}",0.00427046263345196,0.150537634408602,1.52790261548875
