"rules","support","confidence","lift"
"8","{napkins} => {whole milk}",0.0197254702592781,0.376699029126214,1.47426778808448
"7","{napkins} => {other vegetables}",0.0144382308083376,0.275728155339806,1.4250059946227
"5","{napkins} => {yogurt}",0.0123029994916116,0.23495145631068,1.68421834753319
"4","{napkins} => {soda}",0.011997966446365,0.229126213592233,1.31396869427383
"6","{napkins} => {rolls/buns}",0.0116929334011185,0.223300970873786,1.21402158570685
"2","{napkins} => {tropical fruit}",0.0100660904931368,0.192233009708738,1.83198803341612
"3","{napkins} => {root vegetables}",0.0099644128113879,0.190291262135922,1.74581582379365
"1","{napkins} => {bottled water}",0.00864260294865277,0.16504854368932,1.49333249970972
