"rules","support","confidence","lift"
"5","{newspapers} => {whole milk}",0.0273512963904423,0.342675159235669,1.34111030285826
"3","{newspapers} => {rolls/buns}",0.0197254702592781,0.247133757961783,1.34359342706144
"4","{newspapers} => {other vegetables}",0.0193187595322827,0.24203821656051,1.25089115074756
"2","{newspapers} => {yogurt}",0.0153533299440773,0.192356687898089,1.37888340049396
"1","{newspapers} => {soda}",0.0146415861718353,0.18343949044586,1.05196932276095
