"rules","support","confidence","lift"
"1","{nut snack} => {soda}",0.00101677681748856,0.32258064516129,1.84990125082291
