"rules","support","confidence","lift"
"2","{nuts/prunes} => {whole milk}",0.00122013218098627,0.363636363636364,1.42314510002532
"1","{nuts/prunes} => {rolls/buns}",0.00101677681748856,0.303030303030303,1.64748647335712
