"rules","support","confidence","lift"
"9","{oil} => {whole milk}",0.011286222674123,0.402173913043478,1.57396754269105
"8","{oil} => {other vegetables}",0.0099644128113879,0.355072463768116,1.83506972210164
"4","{oil} => {root vegetables}",0.00701576004067107,0.25,2.29361007462687
"6","{oil} => {yogurt}",0.00528723945094052,0.188405797101449,1.350561963916
"7","{oil} => {rolls/buns}",0.00508388408744281,0.181159420289855,0.984910391680887
"2","{oil} => {citrus fruit}",0.00498220640569395,0.177536231884058,2.14504771569989
"3","{oil} => {tropical fruit}",0.00467717336044738,0.166666666666667,1.58833979328165
"5","{oil} => {soda}",0.00467717336044738,0.166666666666667,0.95578231292517
"1","{oil} => {whipped/sour cream}",0.00447381799694967,0.159420289855072,2.22396957549594
