"rules","support","confidence","lift"
"6","{other vegetables} => {whole milk}",0.0748347737671581,0.386757750919601,1.51363409482462
"2","{other vegetables} => {root vegetables}",0.047381799694967,0.244876510772465,2.2466049285888
"4","{other vegetables} => {yogurt}",0.0434163701067616,0.224382553862323,1.6084565723294
"5","{other vegetables} => {rolls/buns}",0.0426029486527707,0.22017866526537,1.19704653006353
"1","{other vegetables} => {tropical fruit}",0.0358922216573462,0.185496584340515,1.7677896385552
"3","{other vegetables} => {soda}",0.0327402135231317,0.169206516027325,0.970347571503641
