"rules","support","confidence","lift"
"5","{pastry} => {whole milk}",0.033248601931876,0.373714285714286,1.46258654994031
"4","{pastry} => {other vegetables}",0.0225724453482461,0.253714285714286,1.31123489227535
"1","{pastry} => {soda}",0.0210472801220132,0.236571428571429,1.35666472303207
"3","{pastry} => {rolls/buns}",0.0209456024402644,0.235428571428571,1.27995577667219
"2","{pastry} => {yogurt}",0.017691916624301,0.198857142857143,1.42548104956268
