"rules","support","confidence","lift"
"5","{pet care} => {whole milk}",0.00264361972547026,0.279569892473118,1.09413843711624
"2","{pet care} => {soda}",0.00213523131672598,0.225806451612903,1.29493087557604
"4","{pet care} => {other vegetables}",0.00193187595322827,0.204301075268817,1.05585973477079
"1","{pet care} => {root vegetables}",0.00142348754448399,0.150537634408602,1.38109853956026
"3","{pet care} => {yogurt}",0.00142348754448399,0.150537634408602,1.07910906298003
