"rules","support","confidence","lift"
"1","{photo/film} => {whole milk}",0.00233858668022369,0.252747252747253,0.989164039303315
