"rules","support","confidence","lift"
"8","{pip fruit} => {whole milk}",0.0300965937976614,0.397849462365591,1.55704316051158
"7","{pip fruit} => {other vegetables}",0.026131164209456,0.345430107526882,1.78523652523746
"2","{pip fruit} => {tropical fruit}",0.0204372140315201,0.270161290322581,2.57464756814204
"5","{pip fruit} => {yogurt}",0.0179969496695475,0.237903225806452,1.70537771560237
"3","{pip fruit} => {root vegetables}",0.015556685307575,0.205645161290323,1.886679254935
"6","{pip fruit} => {rolls/buns}",0.0139298423995933,0.184139784946237,1.00111375618919
"1","{pip fruit} => {citrus fruit}",0.0138281647178444,0.182795698924731,2.20859422472326
"4","{pip fruit} => {soda}",0.0133197763091002,0.176075268817204,1.00973776607417
