"rules","support","confidence","lift"
"6","{pork} => {whole milk}",0.0221657346212506,0.384479717813051,1.5047186727781
"5","{pork} => {other vegetables}",0.0216573462125064,0.375661375661376,1.94147642124521
"1","{pork} => {root vegetables}",0.0136248093543467,0.236331569664903,2.16820987654321
"2","{pork} => {soda}",0.0118962887646162,0.206349206349206,1.18334953028831
"4","{pork} => {rolls/buns}",0.011286222674123,0.195767195767196,1.06432856294658
"3","{pork} => {yogurt}",0.00955770208439248,0.165784832451499,1.18840657956304
