"rules","support","confidence","lift"
"6","{pot plants} => {whole milk}",0.00691408235892222,0.4,1.56545961002786
"5","{pot plants} => {other vegetables}",0.00437214031520081,0.252941176470588,1.30723934345152
"3","{pot plants} => {yogurt}",0.00386375190645653,0.223529411764706,1.60234093637455
"1","{pot plants} => {tropical fruit}",0.00305033045246568,0.176470588235294,1.68177154582763
"4","{pot plants} => {rolls/buns}",0.00284697508896797,0.164705882352941,0.895457353754105
"2","{pot plants} => {soda}",0.00274529740721912,0.158823529411765,0.910804321728691
