"rules","support","confidence","lift"
"2","{potato products} => {whole milk}",0.00122013218098627,0.428571428571429,1.67727815360127
"1","{potato products} => {pastry}",0.00101677681748856,0.357142857142857,4.01428571428571
