"rules","support","confidence","lift"
"5","{red/blush wine} => {other vegetables}",0.00498220640569395,0.259259259259259,1.33989217804247
"1","{red/blush wine} => {bottled beer}",0.00488052872394509,0.253968253968254,3.15375982042649
"3","{red/blush wine} => {soda}",0.00457549567869853,0.238095238095238,1.36540330417881
"4","{red/blush wine} => {rolls/buns}",0.00396542958820539,0.206349206349206,1.12185983661937
"6","{red/blush wine} => {whole milk}",0.00396542958820539,0.206349206349206,0.807578370252465
"2","{red/blush wine} => {bottled water}",0.0032536858159634,0.169312169312169,1.53190909400661
