"rules","support","confidence","lift"
"5","{rolls/buns} => {whole milk}",0.0566344687341129,0.307904919845218,1.20503178936638
"4","{rolls/buns} => {other vegetables}",0.0426029486527707,0.231619679380873,1.19704653006353
"2","{rolls/buns} => {soda}",0.0383324860193188,0.208402432283029,1.19512415248023
"3","{rolls/buns} => {yogurt}",0.0343670564311134,0.186843559977888,1.33936327433129
"1","{rolls/buns} => {sausage}",0.0306049822064057,0.166390270867883,1.7710479588589
