"rules","support","confidence","lift"
"9","{root vegetables} => {whole milk}",0.0489069649211998,0.448694029850746,1.75603095247994
"8","{root vegetables} => {other vegetables}",0.047381799694967,0.434701492537313,2.2466049285888
"6","{root vegetables} => {yogurt}",0.0258261311642095,0.236940298507463,1.69847509899482
"7","{root vegetables} => {rolls/buns}",0.0243009659379766,0.22294776119403,1.21210128874698
"4","{root vegetables} => {tropical fruit}",0.0210472801220132,0.193097014925373,1.84022203661923
"5","{root vegetables} => {soda}",0.0186070157600407,0.170708955223881,0.978963600365519
"3","{root vegetables} => {citrus fruit}",0.017691916624301,0.162313432835821,1.9611211448898
"1","{root vegetables} => {beef}",0.0173868835790544,0.159514925373134,3.04036684311003
"2","{root vegetables} => {whipped/sour cream}",0.0170818505338078,0.156716417910448,2.18624960304859
