"rules","support","confidence","lift"
"5","{UHT-milk} => {other vegetables}",0.00813421453990849,0.243161094224924,1.256694357174
"2","{UHT-milk} => {soda}",0.00762582613116421,0.227963525835866,1.30730103591589
"3","{UHT-milk} => {yogurt}",0.0074224707676665,0.221884498480243,1.59054959369766
"1","{UHT-milk} => {bottled water}",0.00732079308591764,0.218844984802432,1.98007398852982
"4","{UHT-milk} => {rolls/buns}",0.00640569395017794,0.191489361702128,1.04107123954695
